<?xml version="1.0" ?>
<lista>
	<software>
		<titulo>Analise Combinatoria</titulo>
		<tipo>Freeware</tipo>
		<descricao>Calcula arranjos, combinacoes e permutacoes.</descricao>
		<tamanho>106 Kb</tamanho>
	</software>
	<software>
		<titulo>Convert</titulo>
		<tipo>Freeware</tipo>
		<descricao>Programa que faz diversos tipos de conversoes (distancia, velocidade, temperatura, etc).</descricao>
		<tamanho>168 Kb</tamanho>
	</software>
	<software>
		<titulo>Graphmatica</titulo>
		<tipo>Shareware</tipo>
		<descricao>Desenha graficos de funcoes. Calcula o valor da funcao para um determinado elemento de seu dominio.</descricao>
		<tamanho>170 Kb</tamanho>
	</software>
	<software>
		<titulo>Estat</titulo>
		<tipo>Freeware</tipo>
		<descricao>Programa para aprendizagem de estatistica.</descricao>
		<tamanho>83 Kb</tamanho>
	</software>
</lista>
